'time','co','nox','so2','pm'
time,co,nox,so2,pm
00:00:00,0.0,0.0,0.0,0.0
00:04:48,0.0048127413170812,0.00092322870231934,0.00010106258251219,0.00013294865516799
00:09:52,0.0067867811312834,0.00127117606402595,0.00013892986704895,0.00018748014174816
00:14:56,0.00793848238388638,0.00143096553063585,0.00015598122390031,0.00021929509347752
00:20:00,0.0093016130312957,0.00169066089961295,0.00018439623981033,0.00025695063622364
