'time','co','nox','so2','pm'
time,co,nox,so2,pm
00:00:00,0.0,0.0,0.0,0.0
00:04:48,0.0029637229380483,0.00047510866831139,0.00005133580466665,0.0000818707993936
00:09:52,0.00379029271212418,0.00056357690171724,0.00006051542760533,0.00010470421856697
00:14:56,0.00558831440575901,0.00100732724231621,0.00010980284529726,0.00015437332612594
00:20:00,0.00890875896687435,0.00158174790689835,0.0001722323401047,0.00024609831400205
