'time','co','nox','so2','pm'
time,co,nox,so2,pm
00:00:00,0.0,0.0,0.0,0.0
00:04:48,0.00506640795143353,0.00075983459681283,0.00008164956859027,0.00013995602075783
00:09:52,0.00951241660798543,0.00169732176962265,0.00018488217615029,0.00026277393944711
00:14:56,0.0092694663796798,0.00156731454208863,0.000170050232885,0.00025606260717348
00:20:00,0.01041015133576436,0.00207361654701807,0.00022754326841947,0.00028757324131946
