'time','co','nox','so2','pm'
time,co,nox,so2,pm
00:00:00,0.0,0.0,0.0,0.0
00:04:48,0.00217182397555587,0.00046803643830415,0.00005160449426317,0.00005999513744629
00:09:52,0.0018043703313735,0.0003792551118888,0.00004175420550576,0.00004984448429209
00:14:56,0.00159878746986636,0.00031552322511237,0.00003460277294377,0.00004416539972007
00:20:00,0.00167299312906924,0.00032528701546644,0.00003563938781399,0.00004621527980854
