'time','co','nox','so2','pm'
time,co,nox,so2,pm
00:00:00,0.0,0.0,0.0,0.0
00:04:48,0.00170351598146649,0.00025070997498518,0.00002689657445527,0.0000470584525267
00:09:52,0.00268304894812931,0.00043773197023515,0.00004736286114788,0.00007411737425772
00:14:56,0.00351246899295474,0.00067252863974225,0.00007361019812699,0.00009702953019212
00:20:00,0.00437056202575246,0.00077280507415947,0.0000841239041044,0.00012073375761747
