'time','co','nox','so2','pm'
time,co,nox,so2,pm
00:00:00,0.0,0.0,0.0,0.0
00:04:48,0.00260453686967876,0.00034581070066121,0.00003674715512823,0.00007194853231157
00:09:52,0.00394184384322916,0.00061836760693157,0.00006669835178028,0.00010889071390136
00:14:56,0.00604631463510719,0.00108486448745985,0.00011821626022882,0.00016702526616318
00:20:00,0.00723711734278716,0.00126763520871047,0.00013789475592029,0.00019992036858528
