'time','co','nox','so2','pm'
time,co,nox,so2,pm
00:00:00,0.0,0.0,0.0,0.0
00:04:48,0.00146619294964849,0.00022441366982869,0.00002415646642985,0.00004050256766985
00:09:52,0.00277046877872784,0.00041785583099422,0.00004492323261407,0.00007653228670519
00:14:56,0.00395050737683589,0.00061429784514528,0.00006621158003191,0.00010913003803414
00:20:00,0.00529648463515904,0.00087599849442514,0.00009488423783695,0.00014631173025301
