'time','co','nox','so2','pm'
time,co,nox,so2,pm
00:00:00,0.0,0.0,0.0,0.0
00:04:48,0.00135771405055927,0.0002416173453013,0.00002631339463521,0.00003750591299887
00:09:52,0.00154184235548769,0.00029393973405143,0.00003216335245956,0.00004259233026209
00:14:56,0.00170747508711334,0.00031076456468247,0.00003389747487532,0.000047167820086
00:20:00,0.00221251157725501,0.00038266235316454,0.00004158798598533,0.00006111910434406
