'time','co','nox','so2','pm'
time,co,nox,so2,pm
00:00:00,0.0,0.0,0.0,0.0
00:04:48,0.00188483896737764,0.00043020589132655,0.00004758731858196,0.00005206737478944
00:09:52,0.00306347438415003,0.00060268632523964,0.00006608208640114,0.00008462636420304
00:14:56,0.00442337615875653,0.00086415419580769,0.0000947083539325,0.00012219271156786
00:20:00,0.00569763040095745,0.00102682869655737,0.00011192702601509,0.00015739310499882
